id;title;production;length;presentation;imdbLink
2;Afrikai vőlegény;1944;80;1944.01.31;https://www.imdb.com/title/tt0036587/?ref_=nv_sr_srsg_0_tt_8_nm_0_in_0_q_Afrikai%2520v
3;Akit elkap az ár;1941;;1942.01.15;https://www.imdb.com/title/tt0881199/?ref_=nv_sr_srsg_0_tt_1_nm_0_in_0_q_akit%2520elkap%2520az%2520%25C3%25A1r
4;Alkalom;1942;76;1942.10.26;https://www.imdb.com/title/tt0034447/?ref_=nv_sr_srsg_0_tt_8_nm_0_in_0_q_alkalom
5;András;1941;;1941.04.29;https://www.imdb.com/title/tt0033341/?ref_=nv_sr_srsg_0_tt_8_nm_0_in_0_q_andr%25C3%25A1s%25201941
6;Annamária;1942;84;1943.02.01;https://www.imdb.com/title/tt0034462/?ref_=nv_sr_srsg_0_tt_2_nm_0_in_0_q_annam%25C3%25A1ria%25201942
7;Az aranyember;1936;97;1936.12.18;https://www.imdb.com/title/tt0027304/?ref_=nv_sr_srsg_1_tt_8_nm_0_in_0_q_az%2520aranyember
8;Azurexpress;1938;70;1938.10.14;https://www.imdb.com/title/tt0029890/?ref_=nv_sr_srsg_0_tt_8_nm_0_in_0_q_azurexpress
9;Áll a bál;1939;97;1939.09.28;https://www.imdb.com/title/tt0128862/?ref_=nv_sr_srsg_0_tt_8_nm_0_in_0_q_%25C3%25A1ll%2520a%2520b%25C3%25A1l
10;Álomkeringő;1942;86;1943.02.11;https://www.imdb.com/title/tt0035594/?ref_=nv_sr_srsg_0_tt_2_nm_0_in_0_q_%25C3%25A1lomkering%25C5%2591
11;Bajtársak;1942;79;1942.12.01;https://www.imdb.com/title/tt0244418/?ref_=nv_sr_srsg_0_tt_8_nm_0_in_0_q_bajt%25C3%25A1rsak
12;Balkezes angyal;1940;77;1941.04.12;https://www.imdb.com/title/tt0954320/?ref_=nv_sr_srsg_0_tt_1_nm_0_in_0_q_balkezes%2520angya
13;Beáta és az ördög;1940;89;1941.05.07;https://www.imdb.com/title/tt0032248/?ref_=nv_sr_srsg_0_tt_8_nm_0_in_0_q_be%25C3%25A1ta%2520%25C3%25A9s%2520az%2520%25C3%25B6rd%25C3%25B6g
14;Behajtani tilos!;1941;81;1942.02.12;https://www.imdb.com/title/tt0123445/?ref_=nv_sr_srsg_0_tt_3_nm_0_in_0_q_behajtani%2520tilos
15;Bercsényi huszárok;1939;73;1940.01.04;https://www.imdb.com/title/tt0385545/?ref_=nv_sr_srsg_0_tt_2_nm_6_in_0_q_bercs%25C3%25A9nyi%2520hus
16;A beszélő köntös;1941;84;1942.02.21;https://www.imdb.com/title/tt0064082/?ref_=nv_sr_srsg_0_tt_8_nm_0_in_0_q_besz%25C3%25A9l%25C5%2591%2520
17;Bob herceg;1941;82;1941.11.20;https://www.imdb.com/title/tt0033410/?ref_=nv_sr_srsg_0_tt_6_nm_0_in_0_q_bob%2520a%2520herceg
18;Boldoggá teszlek;1944;73;;https://www.imdb.com/title/tt0149914/?ref_=nv_sr_srsg_0_tt_2_nm_0_in_0_q_boldogg%25C3%25A1%2520teszle
19;A bor;1933;106;1933.09.28;https://www.imdb.com/title/tt0240384/?ref_=fn_all_ttl_1
20;Borcsa Amerikában;1938;78;1938.08.16;https://www.imdb.com/title/tt0029936/?ref_=nv_sr_srsg_0_tt_1_nm_0_in_0_q_borcsa%2520amerik%25C3%25A1ban
21;Bűnös vagyok;1941;97;1942.06.03;https://www.imdb.com/title/tt0033443/?ref_=nv_sr_srsg_3_tt_8_nm_0_in_0_q_b%25C5%25B1n%25C3%25B6s%2520vagyok
22;Café Moszkva;1935;68;1936.02.13;https://www.imdb.com/title/tt0027412/?ref_=nv_sr_srsg_0_tt_4_nm_0_in_0_q_Caf%25C3%25A9%2520moszkva
23;Címzett ismeretlen;1935;81;1935.12.21;https://www.imdb.com/title/tt0142206/?ref_=nv_sr_srsg_0_tt_2_nm_0_in_0_q_c%25C3%25ADmzett%2520ismeretlen
24;Csalódás;1942;77;1943.03.26;https://www.imdb.com/title/tt0034624/?ref_=nv_sr_srsg_5_tt_8_nm_0_in_0_q_csal%25C3%25B3d%25C3%25A1s
25;Csákó és kalap;1941;57;1941.08.21;https://www.imdb.com/title/tt0905983/?ref_=nv_sr_srsg_0_tt_3_nm_0_in_0_q_cs%25C3%25A1k%25C3%25B3%2520%25C3%25A9s%2520ka
26;Cserebere;1940;81;1940.11.13;https://www.imdb.com/title/tt0417557/?ref_=nv_sr_srsg_6_tt_8_nm_0_in_0_q_cserebere
27;Csókolj meg, édes!;1932;102;1932.03.05;https://www.imdb.com/title/tt0022795/?ref_=nv_sr_srsg_0_tt_2_nm_0_in_0_q_cs%25C3%25B3kolj%2520meg%2520%25C3%25A9des
28;Dankó Pista;1940;88;1941.01.16;https://www.imdb.com/title/tt0032381/?ref_=fn_all_ttl_1
29;Döntő pillanat;1938;68;1938.03.20;https://www.imdb.com/title/tt0030095/?ref_=nv_sr_srsg_2_tt_4_nm_0_in_0_q_d%25C3%25B6nt%25C5%2591%2520pillanat
30;dr. Kovács István;1941;94;1942.04.04;https://www.imdb.com/title/tt0033556/?ref_=nv_sr_srsg_0_tt_1_nm_7_in_0_q_dr.%2520kov%25C3%25A1cs
31;Duna-parti randevú;1936;64;1936.12.23;https://www.imdb.com/title/tt0027557/?ref_=nv_sr_srsg_0_tt_1_nm_0_in_0_q_duna-parti%2520rand
32;Egy asszony visszanéz;1941;109;1942.12.01;https://www.imdb.com/title/tt0033569/?ref_=nv_sr_srsg_3_tt_8_nm_0_in_0_q_egy%2520asszo
33;Egy csók és más semmi;1940;69;1941.01.15;https://www.imdb.com/title/tt0032434/?ref_=nv_sr_srsg_0_tt_8_nm_0_in_0_q_egy%2520cs%25C3%25B3k%2520%25C3%25A9s%2520m%25C3%25A1s%2520
34;Egy éj Velencében;1933;69;1934.01.12;https://www.imdb.com/title/tt0023978/?ref_=nv_sr_srsg_0_tt_5_nm_0_in_0_q_egy%2520%25C3%25A9j%2520velenc%25C3%25A9ben
35;Egy éjszaka Erdélyben;1941;79;1941.11.19;https://www.imdb.com/title/tt0033571/?ref_=nv_sr_srsg_1_tt_8_nm_0_in_0_q_egy%2520%25C3%25A9jszaka%2520er
36;Egy lány elindul;1937;72;1937.12.23;https://www.imdb.com/title/tt0028821/?ref_=nv_sr_srsg_5_tt_8_nm_0_in_0_q_egy%2520l%25C3%25A1ny%2520e
37;Egy szoknya, egy nadrág;1943;75;1943.04.21;https://www.imdb.com/title/tt0123289/?ref_=nv_sr_srsg_0_tt_4_nm_0_in_0_q_egy%2520szoknya
38;Eladó birtok;1940;75;1941.01.03;https://www.imdb.com/title/tt0032435/?ref_=nv_sr_srsg_4_tt_8_nm_0_in_0_q_elad%25C3%25B3%2520
39;Elkésett levél;1940;68;1941.03.20;https://www.imdb.com/title/tt0240479/?ref_=nv_sr_srsg_0_tt_4_nm_4_in_0_q_elk%25C3%25A9sett%2520le
40;Az ellopott szerda;1933;73;1933.12.29;https://www.imdb.com/title/tt0144891/?ref_=nv_sr_srsg_0_tt_8_nm_0_in_0_q_az%2520ellopott%2520s
41;Elnémult harangok;1940;91;1941.02.27;https://www.imdb.com/title/tt1930333/?ref_=nv_sr_srsg_0_tt_4_nm_0_in_0_q_eln%25C3%25A9mult%2520ha
43;Erdélyi kastély;1940;71;1940.03.07;https://www.imdb.com/title/tt0032444/?ref_=nv_sr_srsg_0_tt_1_nm_7_in_0_q_erd%25C3%25A9lyi%2520ka
44;Erzsébet királyné;1940;89;1940.09.05;https://www.imdb.com/title/tt0032446/?ref_=nv_sr_srsg_0_tt_6_nm_2_in_0_q_erzs%25C3%25A9bet%2520kir
45;Európa nem válaszol;1941;93;1941.03.19;https://www.imdb.com/title/tt0033580/?ref_=nv_sr_srsg_0_tt_3_nm_0_in_0_q_eur%25C3%25B3pa%2520nem%2520v%25C3%25A1
46;Ez a villa eladó;1935;75;1935.04.10;https://www.imdb.com/title/tt0026329/?ref_=nv_sr_srsg_0_tt_7_nm_1_in_0_q_ez%2520a%2520villa%2520el
47;Ez történt Budapesten;1944;84;1944.06.05;https://www.imdb.com/title/tt0035851/?ref_=nv_sr_srsg_0_tt_2_nm_0_in_0_q_ez%2520t%25C3%25B6rt%25C3%25A9nt%2520buda
48;Édes ellenfél;1941;81;1941.05.22;https://www.imdb.com/title/tt0404569/?ref_=nv_sr_srsg_0_tt_2_nm_6_in_0_q_%25C3%25A9des%2520ellen
49;Éjféli gyors;1942;66;1943.06.25;https://www.imdb.com/title/tt0159844/?ref_=nv_sr_srsg_0_tt_4_nm_0_in_0_q_%25C3%25A9jf%25C3%25A9li%2520gyors
50;Éjfélre kiderül;1942;76;1942.08.13;https://www.imdb.com/title/tt0132648/?ref_=nv_sr_srsg_2_tt_8_nm_0_in_0_q_%25C3%25A9jf%25C3%25A9lre%2520
51;Az éjszaka lánya;1942;77;1943.03.16;https://www.imdb.com/title/tt0035596/?ref_=nv_sr_srsg_0_tt_8_nm_0_in_0_q_az%2520%25C3%25A9jszaka%2520l%25C3%25A1ny
52;Életre ítéltek!;1941;93;1941.11.17;https://www.imdb.com/title/tt0034418/?ref_=nv_sr_srsg_4_tt_5_nm_1_in_0_q_%25C3%25A9letre%2520%25C3%25ADt%25C3%25A9llek
53;Az én lányom nem olyan;1937;78;1937.11.14;https://www.imdb.com/title/tt0029825/?ref_=nv_sr_srsg_0_tt_8_nm_0_in_0_q_az%2520%25C3%25A9n%2520l%25C3%25A1nyom%2520nem%2520olyan
54;És a vakok látnak;1943;81;1944.03.30;https://www.imdb.com/title/tt0243684/?ref_=nv_sr_srsg_0_tt_1_nm_0_in_0_q_%25C3%25A9s%2520a%2520vakok%2520l%25C3%25A1tnak
55;Fekete gyémántok;1938;77;1938.04.14;https://www.imdb.com/title/tt0030125/?ref_=nv_sr_srsg_1_tt_5_nm_0_in_0_q_fekete%2520gy%25C3%25A9m%25C3%25A1ntok
56;Féltékenység;1943;68;1943.09.23;https://www.imdb.com/title/tt1177910/?ref_=nv_sr_srsg_3_tt_8_nm_0_in_0_q_f%25C3%25A9lt%25C3%25A9kenys%25C3%25A9g
57;Fény és árnyék;1943;91;1943.12.22;https://www.imdb.com/title/tt0130722/?ref_=nv_sr_srsg_2_tt_8_nm_0_in_0_q_f%25C3%25A9ny%2520%25C3%25A9s%2520
58;Férfihűség;1942;95;1942.10.23;https://www.imdb.com/title/tt0034763/?ref_=nv_sr_srsg_0_tt_2_nm_0_in_0_q_f%25C3%25A9rfih%25C5%25B1s%25C3%25A9g
59;A férfi mind őrült;1937;83;1937.09.29;https://www.imdb.com/title/tt0028912/?ref_=nv_sr_srsg_1_tt_7_nm_0_in_0_q_a%2520f%25C3%25A9rfi%2520mind%2520
60;Fizessen nagysád!;1937;65;1937.03.11;https://www.imdb.com/title/tt0028877/?ref_=nv_sr_srsg_0_tt_1_nm_0_in_0_q_fizessen%2520nagys%25C3%25A1d
61;Fráter Lóránd;1942;62;1942.05.06;https://www.imdb.com/title/tt0034761/?ref_=nv_sr_srsg_0_tt_2_nm_6_in_0_q_fr%25C3%25A1ter%2520l%25C3%25B3r%25C3%25A1nd
62;Fűszer és csemege;1940;74;1940.01.29;https://www.imdb.com/title/tt0031356/?ref_=nv_sr_srsg_0_tt_8_nm_0_in_0_q_f%25C5%25B1szer%2520%25C3%25A9s%2520
63;Gentryfészek;1941;75;1942.09.11;https://www.imdb.com/title/tt0418701/?ref_=nv_sr_srsg_0_tt_1_nm_0_in_0_q_gentryf%25C3%25A9szek
64;Gorodi fogoly;1940;62;1940.11.07;https://www.imdb.com/title/tt0457921/?ref_=nv_sr_srsg_1_tt_7_nm_1_in_0_q_gorodi%2520
65;Göre Gábor visszatér;1940;75;1940.03.13;https://www.imdb.com/title/tt0241512/?ref_=nv_sr_srsg_0_tt_1_nm_0_in_0_q_g%25C3%25B6re%2520g%25C3%25A1bor%2520visszat%25C3%25A9r
66;Gül baba;1940;105;1940.04.11;https://www.imdb.com/title/tt0032562/?ref_=nv_sr_srsg_0_tt_7_nm_1_in_0_q_g%25C3%25BCl%2520baba
67;Gyávaság;1942;;1942.12.29;https://www.imdb.com/title/tt0034822/?ref_=nv_sr_srsg_4_tt_7_nm_1_in_0_q_gy%25C3%25A1vas%25C3%25A1g
68;Gyimesi vadvirág;1938;82;1939.01.12;https://www.imdb.com/title/tt0148244/?ref_=nv_sr_srsg_0_tt_2_nm_0_in_0_q_gyimesi%2520vadvir%25C3%25A1g
69;Gyurkovics fiúk;1940;89;1941.08.14;https://www.imdb.com/title/tt0032565/?ref_=nv_sr_srsg_0_tt_1_nm_0_in_0_q_gyurkovics%2520fi%25C3%25BAk
70;Halálos tavasz;1939;93;1939.12.21;https://www.imdb.com/title/tt0031400/?ref_=nv_sr_srsg_4_tt_7_nm_0_in_0_q_hal%25C3%25A1los%2520
72;A harmincadik;1942;91;1942.10.01;https://www.imdb.com/title/tt0034830/?ref_=nv_sr_srsg_0_tt_2_nm_0_in_0_q_a%2520harmincadik
73;Hat hét boldogság;1939;76;1939.11.23;https://www.imdb.com/title/tt0136986/?ref_=nv_sr_srsg_0_tt_1_nm_0_in_0_q_hat%2520h%25C3%25A9t%2520boldog
74;Havi 200 fix;1936;67;1936.09.10;https://www.imdb.com/title/tt0027721/?ref_=nv_sr_srsg_0_tt_8_nm_0_in_0_q_havi%2520200
75;Hazafelé;1940;90;1940.09.18;https://www.imdb.com/title/tt0032573/?ref_=nv_sr_srsg_2_tt_8_nm_0_in_0_q_hazafel%25C3%25A9
76;Hazajáró lélek;1940;88;1940.10.28;https://www.imdb.com/title/tt0032574/?ref_=nv_sr_srsg_0_tt_8_nm_0_in_0_q_hazaj%25C3%25A1r%25C3%25B3
77;Háromszázezer pengő az utcán;1937;67;1937.12.02;https://www.imdb.com/title/tt0028541/?ref_=nv_sr_srsg_0_tt_1_nm_0_in_0_q_h%25C3%25A1romsz%25C3%25A1zezer%2520
78;Házasság;1942;80;1942.09.16;https://www.imdb.com/title/tt0034879/?ref_=nv_sr_srsg_0_tt_3_nm_0_in_0_q_h%25C3%25A1zass%25C3%25A1g%25201942
79;Hetenként egyszer láthatom;1937;67;1937.02.25;https://www.imdb.com/title/tt0028996/?ref_=nv_sr_srsg_0_tt_1_nm_0_in_0_q_hetenk%25C3%25A9nt%2520egyszer%2520
80;Hétszilvafa;1940;82;1940.12.05;https://www.imdb.com/title/tt0844007/?ref_=nv_sr_srsg_0_tt_1_nm_0_in_0_q_h%25C3%25A9tszilvafa
81;Hotel kikelet;1937;77;1937.08.19;https://www.imdb.com/title/tt0029025/?ref_=nv_sr_srsg_0_tt_1_nm_0_in_0_q_hotelkikelet
82;A hölgy egy kissé bogaras;1938;76;1938.10.11;https://www.imdb.com/title/tt0137007/?ref_=nv_sr_srsg_0_tt_2_nm_0_in_0_q_a%2520h%25C3%25B6lgy%2520egy%2520kiss%25C3%25A9
83;"A ""28-as""";1943;70;1943.06.30;https://www.imdb.com/title/tt0926184/?ref_=nv_sr_srsg_0_tt_8_nm_0_in_0_q_a%2520%252228%2522-as%25201943
84;Ida regénye;1934;76;1934.03.15;https://www.imdb.com/title/tt0025295/?ref_=nv_sr_srsg_1_tt_4_nm_4_in_0_q_ida%2520reg
85;Igen vagy nem?;1940;81;1940.09.26;https://www.imdb.com/title/tt0032625/?ref_=nv_sr_srsg_0_tt_5_nm_0_in_0_q_igen%2520vagy%2520nem
86;Az iglói diákok;1934;89;1935.02.21;https://www.imdb.com/title/tt0026520/?ref_=nv_sr_srsg_1_tt_2_nm_3_in_0_q_az%2520igl%25C3%25B3i%2520d
87;Ismeretlen ellenfél;1940;80;1940.12.05;https://www.imdb.com/title/tt0887916/?ref_=nv_sr_srsg_6_tt_4_nm_0_in_0_q_az%2520ismeretlen%2520ellenf%25C3%25A9l
88;Ítél a Balaton;1932;56;1933.03.02;https://www.imdb.com/title/tt1601244/?ref_=nv_sr_srsg_1_tt_2_nm_5_in_0_q_%25C3%25ADt%25C3%25A9l%2520a%2520ba
89;János vitéz;1938;78;1939.01.26;https://www.imdb.com/title/tt0030306/?ref_=nv_sr_srsg_1_tt_4_nm_0_in_0_q_j%25C3%25A1nos%2520vit%25C3%25A9z
90;Jelmezbál;1942;91;1942.08.05;https://www.imdb.com/title/tt0168010/?ref_=nv_sr_srsg_0_tt_5_nm_2_in_0_q_jelmezb%25C3%25A1l
91;Jómadár;1943;84;1943.08.09;https://www.imdb.com/title/tt0128287/?ref_=nv_sr_srsg_0_tt_8_nm_0_in_0_q_j%25C3%25B3mad%25C3%25A1r
92;Kadétszerelem;1942;90;1942.08.08;https://www.imdb.com/title/tt0138549/?ref_=nv_sr_srsg_0_tt_8_nm_0_in_0_q_kad%25C3%25A9tszerelem
93;Kalotaszegi madonna;1943;89;1944.01.26;https://www.imdb.com/title/tt0036063/?ref_=nv_sr_srsg_0_tt_2_nm_1_in_0_q_kalotaszegi
94;Karosszék;1939;79;1939.10.04;https://www.imdb.com/title/tt0031529/?ref_=nv_sr_srsg_0_tt_6_nm_2_in_0_q_karossz%25C3%25A9k
95;Katyi;1942;85;1942.12.17;https://www.imdb.com/title/tt0034934/?ref_=nv_sr_srsg_0_tt_2_nm_6_in_0_q_katyi
96;Kádár kontra Kerekes;1941;85;1942.04.20;https://www.imdb.com/title/tt0137898/?ref_=nv_sr_srsg_0_tt_8_nm_0_in_0_q_k%25C3%25A1d%25C3%25A1r%2520kontra%2520
97;Kerek Ferkó;1943;78;1943.11.02;https://www.imdb.com/title/tt0789780/?ref_=nv_sr_srsg_0_tt_1_nm_1_in_0_q_kerek%2520ferk%25C3%25B3
98;Keresztúton;1942;89;1942.11.19;https://www.imdb.com/title/tt4637586/?ref_=nv_sr_srsg_0_tt_8_nm_0_in_0_q_kereszt%25C3%25BAton
99;A két Bajthay;1944;95;1944.07.20;https://www.imdb.com/title/tt0127635/?ref_=nv_sr_srsg_1_tt_4_nm_0_in_0_q_a%2520k%25C3%25A1t%2520bajthay
100;Két lány az uccán;1939;75;1939.10.04;https://www.imdb.com/title/tt0031544/?ref_=nv_sr_srsg_0_tt_1_nm_0_in_0_q_k%25C3%25A9t%2520l%25C3%25A1ny%2520az%2520ucc%25C3%25A1n
101;Kétezerpengős férfi;1942;78;1942.06.25;
102;Kétszer kettő;1944;67;;https://www.imdb.com/title/tt0036996/?ref_=nv_sr_srsg_0_tt_6_nm_0_in_0_q_k%25C3%25A9tszer%2520kett%25C5%2591
103;Kísértés;1941;89;1942.01.14;https://www.imdb.com/title/tt0033793/?ref_=nv_sr_srsg_1_tt_8_nm_0_in_0_q_k%25C3%25ADs%25C3%25A9rt%25C3%25A9s
104;Kölcsönadott élet;1943;89;1943.08.10;https://www.imdb.com/title/tt0036088/?ref_=nv_sr_srsg_0_tt_3_nm_0_in_0_q_k%25C3%25B6lcs%25C3%25B6nadott%2520%25C3%25A9let
105;Kölcsönkért férjek;1941;85;1942.02.27;https://www.imdb.com/title/tt1909315/?ref_=nv_sr_srsg_0_tt_2_nm_0_in_0_q_k%25C3%25B6lcs%25C3%25B6nk%25C3%25A9rt%2520f%25C3%25A9rjek
106;A kölcsönkért kastély;1937;84;1937.10.26;https://www.imdb.com/title/tt0029099/?ref_=nv_sr_srsg_0_tt_1_nm_0_in_0_q_a%2520k%25C3%25B6lcs%25C3%25B6nk%25C3%25A9rt%2520kast%25C3%25A9ly
107;Köszönöm, hogy elgázolt;1935;83;1935.03.14;https://www.imdb.com/title/tt0026588/?ref_=nv_sr_srsg_0_tt_1_nm_0_in_0_q_k%25C3%25B6sz%25C3%25B6n%25C3%25B6m%2520hogy%2520elg%25C3%25A1zolt
108;Külvárosi őrszoba;1942;85;1943.07.26;https://www.imdb.com/title/tt0034955/?ref_=nv_sr_srsg_0_tt_8_nm_0_in_0_q_k%25C3%25BClv%25C3%25A1rosi%2520%25C5%2591r
109;Lángok;1940;81;1941.10.23;https://www.imdb.com/title/tt0032738/?ref_=nv_sr_srsg_0_tt_7_nm_1_in_0_q_l%25C3%25A1ngok
110;A láp virága;1942;81;1943.03.05;https://www.imdb.com/title/tt0034964/?ref_=nv_sr_srsg_0_tt_8_nm_0_in_0_q_a%2520l%25C3%25A1p%2520vir%25C3%25A1ga
111;A leányvári boszorkány;1938;79;1938.11.21;https://www.imdb.com/title/tt0130820/?ref_=nv_sr_srsg_0_tt_1_nm_0_in_0_q_a%2520le%25C3%25A1nyv%25C3%25A1ri%2520boszork%25C3%25A1ny
112;Leányvásár;1941;86;1941.10.01;https://www.imdb.com/title/tt0033829/?ref_=nv_sr_srsg_1_tt_6_nm_0_in_0_q_le%25C3%25A1nyv%25C3%25A1s%25C3%25A1r
113;Lesz, ami lesz;1941;74;1941.07.03;https://www.imdb.com/title/tt0033826/?ref_=nv_sr_srsg_0_tt_6_nm_2_in_0_q_lesz%2520ami
114;Lila akác;1934;72;1934.09.06;https://www.imdb.com/title/tt0025396/?ref_=nv_sr_srsg_1_tt_7_nm_1_in_0_q_lila%2520ak%25C3%25A1c
115;Ma, tegnap, holnap;1941;96;1941.03.17;https://www.imdb.com/title/tt1951184/?ref_=nv_sr_srsg_2_tt_3_nm_0_in_0_q_ma%2520tegnap%2520holnap
116;Maga lesz a férjem;1937;75;1938.02.15;https://www.imdb.com/title/tt0029186/?ref_=nv_sr_srsg_0_tt_8_nm_0_in_0_q_maga%2520lesz%2520a%2520
117;Magdolna;1941;94;1942.03.18;https://www.imdb.com/title/tt0033863/?ref_=nv_sr_srsg_7_tt_4_nm_4_in_0_q_magdolna
119;Magyar sasok;1943;81;1944.05.25;https://www.imdb.com/title/tt1177923/?ref_=nv_sr_srsg_0_tt_3_nm_1_in_0_q_magyar%2520sasok
120;Mai lányok;1937;88;1937.11.19;https://www.imdb.com/title/tt0029189/?ref_=nv_sr_srsg_0_tt_7_nm_1_in_0_q_mai%2520l%25C3%25A1ny
121;Makkhetes;1944;73;1944.08.18;https://www.imdb.com/title/tt0240707/?ref_=nv_sr_srsg_0_tt_8_nm_0_in_0_q_makkhetes
122;Marika;1937;79;1938.02.11;
123;Mámi;1937;75;1937.09.02;https://www.imdb.com/title/tt0029197/?ref_=nv_sr_srsg_0_tt_8_nm_0_in_0_q_m%25C3%25A1mi%25201937
124;Márciusi mese;1934;66;1934.05.04;https://www.imdb.com/title/tt0025547/?ref_=nv_sr_srsg_0_tt_1_nm_0_in_0_q_m%25C3%25A1rciusi%2520mese
125;Mária két éjszakája;1940;87;1940.09.04;https://www.imdb.com/title/tt0240748/?ref_=nv_sr_srsg_0_tt_1_nm_0_in_0_q_m%25C3%25A1ria%2520k%25C3%25A9t%2520%25C3%25A9jszak%25C3%25A1ja
126;Mária nővér;1936;88;1937.02.04;https://www.imdb.com/title/tt0027942/?ref_=nv_sr_srsg_6_tt_8_nm_0_in_0_q_marika%25201937
128;Megvédtem egy asszonyt;1938;55;1938.07.28;https://www.imdb.com/title/tt0030432/?ref_=nv_sr_srsg_0_tt_1_nm_0_in_0_q_megv%25C3%25A9dtem%2520egy%2520asszonyt
129;Meseautó;1934;90;1934.12.14;https://www.imdb.com/title/tt0027958/?ref_=nv_sr_srsg_0_tt_8_nm_0_in_0_q_meseaut%25C3%25B3
130;Mindenki mást szeret;1940;93;1940.12.12;https://www.imdb.com/title/tt0241727/?ref_=nv_sr_srsg_0_tt_1_nm_0_in_0_q_mindenki%2520m%25C3%25A1st%2520szeret
131;A miniszter barátja;1939;89;1939.09.28;https://www.imdb.com/title/tt0031655/?ref_=nv_sr_srsg_6_tt_8_nm_0_in_0_q_a%2520miniszter%2520
132;A nagymama;1935;89;1936.01.09;https://www.imdb.com/title/tt0026766/?ref_=nv_sr_srsg_2_tt_8_nm_0_in_0_q_a%2520nagymama
133;Nászút féláron;1936;65;1936.10.27;https://www.imdb.com/title/tt0028049/?ref_=nv_sr_srsg_0_tt_1_nm_0_in_0_q_n%25C3%25A1sz%25C3%25BAt%2520f%25C3%25A9l%25C3%25A1ron
134;Negyedíziglen;1942;92;1942.11.02;https://www.imdb.com/title/tt0243450/?ref_=nv_sr_srsg_0_tt_1_nm_0_in_0_q_negyed%25C3%25ADzig
135;Nem élhetek muzsikaszó nélkül;1935;77;1936.02.20;https://www.imdb.com/title/tt0241757/?ref_=nv_sr_srsg_0_tt_2_nm_0_in_0_q_nem%2520%25C3%25A9lhetek%2520muzsikasz%25C3%25B3%2520n%25C3%25A9
136;Négylovas hintó;1942;79;1942.11.16;https://www.imdb.com/title/tt4658090/?ref_=nv_sr_srsg_0_tt_1_nm_0_in_0_q_n%25C3%25A9gylovas%2520hint%25C3%25B3
138;A Noszty-fiú esete Tóth Marival;1937;76;1938.01.20;https://www.imdb.com/title/tt0054128/?ref_=nv_sr_srsg_0_tt_3_nm_0_in_0_q_a%2520noszty-fi%25C3%25BA%2520
139;A nőnek mindig sikerül;1939;69;1940.01.18;https://www.imdb.com/title/tt0031739/?ref_=nv_sr_srsg_2_tt_8_nm_0_in_0_q_a%2520n%25C5%2591nek%2520
140;Az okos mama;1935;74;1936.03.05;https://www.imdb.com/title/tt0026807/?ref_=nv_sr_srsg_0_tt_1_nm_0_in_0_q_az%2520okos%2520mama
141;Ópiumkeringő;1942;79;1943.03.26;https://www.imdb.com/title/tt0036568/?ref_=nv_sr_srsg_0_tt_8_nm_0_in_0_q_%25C3%25B3piumke
142;Az örök titok;1938;81;1938.02.24;https://www.imdb.com/title/tt0242176/?ref_=nv_sr_srsg_0_tt_2_nm_0_in_0_q_az%2520%25C3%25B6r%25C3%25B6k%2520titok
143;5 óra 40;1939;77;1939.09.12;https://www.imdb.com/title/tt0032173/?ref_=nv_sr_srsg_0_tt_1_nm_0_in_0_q_5%2520%25C3%25B3ra%252040
144;5-ös számú őrház;1942;92;1942.04.11;https://www.imdb.com/title/tt0169527/?ref_=nv_sr_srsg_0_tt_8_nm_0_in_0_q_5-%25C3%25B6s%2520sz%25C3%25A1m%25C3%25BA%2520
145;Őrségváltás;1942;91;1942.08.18;https://www.imdb.com/title/tt0035598/?ref_=nv_sr_srsg_0_tt_8_nm_0_in_0_q_%25C5%2591rs%25C3%25A9gv%25C3%25A1lt%25C3%25A1s
146;Papucshős;1938;80;1938.09.01;https://www.imdb.com/title/tt0030552/?ref_=nv_sr_srsg_7_tt_8_nm_0_in_0_q_papucs
147;Párbaj semmiért;1939;82;1940.03.07;https://www.imdb.com/title/tt0906062/?ref_=nv_sr_srsg_0_tt_1_nm_0_in_0_q_p%25C3%25A1rbaj%2520semmi%25C3%25A9rt
148;Pergőtűzben!;1937;74;1937.08.12;https://www.imdb.com/title/tt0029392/?ref_=nv_sr_srsg_0_tt_4_nm_0_in_0_q_perg%25C5%2591t%25C5%25B1zben
149;Péntek Rézi;1938;67;1938.09.30;https://www.imdb.com/title/tt0030641/?ref_=nv_sr_srsg_0_tt_3_nm_0_in_0_q_p%25C3%25A9ntek%2520r%25C3%25A9zi
150;Pénz beszél;1940;84;1940.03.14;https://www.imdb.com/title/tt0891574/?ref_=nv_sr_srsg_8_tt_7_nm_0_in_0_q_p%25C3%25A9nz%2520besz%25C3%25A9l
151;Pillanatnyi pénzzavar;1938;70;1938.03.03;https://www.imdb.com/title/tt0030587/?ref_=nv_sr_srsg_0_tt_1_nm_0_in_0_q_pillantnyi%2520p%25C3%25A9nzzavar
152;Piri mindent tud;1932;78;1932.04.21;https://www.imdb.com/title/tt0023340/?ref_=nv_sr_srsg_0_tt_4_nm_0_in_0_q_piri%2520mindent%2520tud
153;Pista tekintetes úr;1942;73;1943.04.21;https://www.imdb.com/title/tt0035194/?ref_=nv_sr_srsg_0_tt_3_nm_0_in_0_q_pista%2520tekintet
154;Pókháló;1936;73;1936.09.26;https://www.imdb.com/title/tt0028115/?ref_=nv_sr_srsg_5_tt_6_nm_2_in_0_q_p%25C3%25B3kh%25C3%25A1l%25C3%25B3
155;Ragaszkodom a szerelemhez;1943;78;1943.06.02;https://www.imdb.com/title/tt0036288/?ref_=nv_sr_srsg_1_tt_2_nm_0_in_0_q_ragaszkodom%2520a%2520szerelemhez
156;Repülő arany;1932;51;1932.12.04;https://www.imdb.com/title/tt0240858/?ref_=nv_sr_srsg_0_tt_2_nm_0_in_0_q_rep%25C3%25BCl%25C5%2591%2520arany
157;Régi keringő;1941;88;1941.12.22;https://www.imdb.com/title/tt0034138/?ref_=nv_sr_srsg_0_tt_8_nm_0_in_0_q_r%25C3%25A9gi%2520kering%25C5%2591
158;A régi nyár;1941;78;1942.07.09;https://www.imdb.com/title/tt0034139/?ref_=nv_sr_srsg_0_tt_5_nm_3_in_0_q_a%2520r%25C3%25A9gi%2520ny%25C3%25A1r
159;Rozmaring;1938;78;1938.11.30;https://www.imdb.com/title/tt0030702/?ref_=nv_sr_srsg_0_tt_6_nm_2_in_0_q_rozmaring
160;Rózsafabot;1940;73;1940.11.25;https://www.imdb.com/title/tt0033006/?ref_=nv_sr_srsg_0_tt_1_nm_0_in_0_q_r%25C3%25B3zsafabot
161;Sárga kaszinó;1943;61;1944.05.18;https://www.imdb.com/title/tt0240956/?ref_=nv_sr_srsg_0_tt_2_nm_0_in_0_q_s%25C3%25A1rga%2520kaszin%25C3%25B3
162;Sárga rózsa;1940;75;1941.03.25;https://www.imdb.com/title/tt0033126/?ref_=nv_sr_srsg_5_tt_5_nm_2_in_0_q_s%25C3%25A1rga%2520
163;Sári bíró;1943;68;1943.12.21;https://www.imdb.com/title/tt10222942/?ref_=nv_sr_srsg_6_tt_5_nm_3_in_0_q_s%25C3%25A1ri%2520b
164;Segítség, örököltem!;1937;71;1937.08.02;https://www.imdb.com/title/tt0029533/?ref_=nv_sr_srsg_0_tt_1_nm_0_in_0_q_seg%25C3%25ADts%25C3%25A9g%2520%25C3%25B6r%25C3%25B6k%25C3%25B6ltem
165;Semmelweis;1939;86;1940.01.12;https://www.imdb.com/title/tt0033035/?ref_=nv_sr_srsg_1_tt_8_nm_0_in_0_q_semmelweis
166;Sok hűhó Emmiért;1940;73;1940.10.17;https://www.imdb.com/title/tt0033073/?ref_=nv_sr_srsg_0_tt_8_nm_0_in_0_q_sok%2520h%25C5%25B1h%25C3%25B3%2520h
168;Süt a nap;1938;74;1939.02.02;https://www.imdb.com/title/tt0031992/?ref_=nv_sr_srsg_0_tt_6_nm_2_in_0_q_s%25C3%25BCt%2520a%2520nap
169;Szabotázs;1942;82;1942.06.18;https://www.imdb.com/title/tt0439841/?ref_=nv_sr_srsg_6_tt_7_nm_1_in_0_q_szabot%25C3%25A1zs
170;A 111-es;1937;81;1937.10.28;https://www.imdb.com/title/tt0028545/?ref_=nv_sr_srsg_1_tt_8_nm_0_in_0_q_A%2520111-es
171;Szent Péter esernyője;1935;66;1935.11.14;https://www.imdb.com/title/tt0027072/?ref_=nv_sr_srsg_2_tt_4_nm_0_in_0_q_szent%2520p%25C3%25A9ter%2520eserny%25C5%2591je
172;Szenzáció!;1936;66;1936.10.22;https://www.imdb.com/title/tt0028336/?ref_=nv_sr_srsg_0_tt_8_nm_0_in_0_q_szenz%25C3%25A1ci%25C3%25B3!%25201936
173;A szerelem nem szégyen;1940;80;1940.12.18;https://www.imdb.com/title/tt0033125/?ref_=nv_sr_srsg_0_tt_8_nm_0_in_0_q_a%2520szerelem%2520nem%2520sz%25C3%25A9gyen
174;Szerelemből nősültem;1937;69;1937.12.23;https://www.imdb.com/title/tt0029631/?ref_=nv_sr_srsg_0_tt_8_nm_0_in_0_q_szerelemb%25C5%2591l%2520n%25C5%2591s
175;Szeressük egymást;1940;77;1941.02.07;https://www.imdb.com/title/tt0900993/?ref_=nv_sr_srsg_1_tt_6_nm_0_in_0_q_szeress%25C3%25BCk%2520egy
176;Szervusz, Péter!;1939;83;1939.03.29;https://www.imdb.com/title/tt0032001/?ref_=nv_sr_srsg_1_tt_8_nm_0_in_0_q_szervusz%2520
177;Sziámi macska;1943;87;1943.10.15;https://www.imdb.com/title/tt0036411/?ref_=nv_sr_srsg_0_tt_1_nm_0_in_0_q_szii%25C3%25A1mi%2520macska
179;Szíriusz;1942;98;1942.09.05;https://www.imdb.com/title/tt0035410/?ref_=nv_sr_srsg_0_tt_6_nm_2_in_0_q_sz%25C3%25ADriusz
180;Szováthy Éva;1943;79;;https://www.imdb.com/title/tt0036412/?ref_=nv_sr_srsg_0_tt_1_nm_1_in_0_q_szov%25C3%25A1thy%2520%25C3%25A9va
181;Szüts Mara házassága;1941;77;1941.12.19;https://www.imdb.com/title/tt0030827/?ref_=nv_sr_srsg_0_tt_2_nm_6_in_0_q_Sz%25C3%25BCts
182;A szűz és a gödölye;1941;88;1941.11.07;https://www.imdb.com/title/tt0034256/?ref_=nv_sr_srsg_0_tt_7_nm_1_in_0_q_a%2520sz%25C5%25B1z%2520%25C3%25A9s%2520a
183;Tavaszi szonáta;1942;74;1942.09.18;https://www.imdb.com/title/tt0170662/?ref_=nv_sr_srsg_2_tt_8_nm_0_in_0_q_tavaszi%2520sz
184;Tengerparti randevú;1943;94;1944.01.26;https://www.imdb.com/title/tt0170667/?ref_=nv_sr_srsg_0_tt_8_nm_0_in_0_q_tengerparti%2520ra
185;Tilos a szerelem;1943;69;1943.05.10;https://www.imdb.com/title/tt0240981/?ref_=nv_sr_srsg_4_tt_4_nm_0_in_0_q_tilos%2520a%2520szerelem
186;Tiszavirág;1938;82;1939.02.09;https://www.imdb.com/title/tt0240982/?ref_=nv_sr_srsg_0_tt_2_nm_0_in_0_q_tiszavir%25C3%25A1g
188;Tizenhárom kislány mosolyog az égre;1938;52;1938.10.17;https://www.imdb.com/title/tt1429401/?ref_=nv_sr_srsg_0_tt_1_nm_0_in_0_q_tizenh%25C3%25A1rom%2520kisl%25C3%25A1ny
189;Tokaji aszu;1940;83;1941.02.14;https://www.imdb.com/title/tt0140626/?ref_=nv_sr_srsg_0_tt_2_nm_0_in_0_q_tokaji%2520ast
190;Tomi, a megfagyott gyermek;1936;105;1936.12.09;https://www.imdb.com/title/tt0138600/?ref_=nv_sr_srsg_0_tt_8_nm_0_in_0_q_tomi%2520a%2520meg
191;Toprini nász;1939;80;1939.05.04;https://www.imdb.com/title/tt0138139/?ref_=nv_sr_srsg_0_tt_5_nm_3_in_0_q_Toprini%2520
192;Tóparti látomás;1940;94;1940.12.20;https://www.imdb.com/title/tt0033197/?ref_=nv_sr_srsg_0_tt_1_nm_0_in_0_q_T%25C3%25B3parti%2520l%25C3%25A1tom%25C3%25A1s
193;A tökéletes család;1942;74;;https://www.imdb.com/title/tt0035484/?ref_=nv_sr_srsg_2_tt_5_nm_0_in_0_q_a%2520t%25C3%25B6k%25C3%25A9letes%2520csal%25C3%25A1d
194;Tökéletes férfi;1939;70;;https://www.imdb.com/title/tt0153392/?ref_=nv_sr_srsg_1_tt_8_nm_0_in_0_q_t%25C3%25B6k%25C3%25A9letes%2520f%25C3%25A9r
195;Az új rokon;1934;83;1934.09.06;https://www.imdb.com/title/tt0032174/?ref_=nv_sr_srsg_0_tt_1_nm_0_in_0_q_az%2520%25C3%25BAj%2520rokon
196;Az utolsó dal;1941;73;1942.02.09;https://www.imdb.com/title/tt0034349/?ref_=nv_sr_srsg_4_tt_8_nm_0_in_0_q_az%2520utols%25C3%25B3%2520dal
197;Az utolsó Wereczkey;1939;59;1940.01.31;https://www.imdb.com/title/tt0149318/?ref_=nv_sr_srsg_0_tt_8_nm_0_in_0_q_az%2520utols%25C3%25B3%2520We
198;Úrilány szobát keres;1937;82;1937.09.14;https://www.imdb.com/title/tt0029829/?ref_=nv_sr_srsg_0_tt_6_nm_2_in_0_q_%25C3%25BAril%25C3%25A1ny%2520
199;Vadrózsa;1938;79;1939.03.09;https://www.imdb.com/title/tt0032087/?ref_=nv_sr_srsg_3_tt_6_nm_2_in_0_q_vadr%25C3%25B3zsa
200;Végre...;1941;70;1941.09.04;https://www.imdb.com/title/tt0034367/?ref_=nv_sr_srsg_7_tt_7_nm_0_in_0_q_v%25C3%25A9gre
201;A vén gazember;1932;93;1932.12.21;https://www.imdb.com/title/tt0130343/?ref_=nv_sr_srsg_0_tt_3_nm_0_in_0_q_a%2520v%25C3%25A9n%2520gazember
203;Viki;1937;65;1937.11.09;https://www.imdb.com/title/tt0029735/?ref_=nv_sr_srsg_0_tt_8_nm_0_in_0_q_viki%25201937
204;Vissza az úton;1940;69;1941.02.17;https://www.imdb.com/title/tt0458197/?ref_=nv_sr_srsg_5_tt_8_nm_0_in_0_q_vissza%2520az%2520
205;Zárt tárgyalás;1940;85;1940.11.21;https://www.imdb.com/title/tt0033298/?ref_=nv_sr_srsg_7_tt_8_nm_0_in_0_q_z%25C3%25A1rt%2520t
206;Zenélő malom;1943;79;1944.11.11;https://www.imdb.com/title/tt0036557/?ref_=nv_sr_srsg_0_tt_6_nm_2_in_0_q_zen%25C3%25A9l%25C5%2591%2520ma
301;120-as tempó;1937;71;1937.10.07;https://www.imdb.com/title/tt0159229/?ref_=nv_sr_srsg_2_tt_8_nm_0_in_0_q_120-as
302;3:1 a szerelem javára;1937;84;1937.10.14;https://www.imdb.com/title/tt0028542/?ref_=nv_sr_srsg_0_tt_1_nm_0_in_0_q_3%253A1%2520a%2520sz
303;A Benedek ház;1943;81;1944.02.17;https://www.imdb.com/title/tt0155537/?ref_=nv_sr_srsg_0_tt_7_nm_1_in_0_q_a%2520benedek
304;A cigány;1941;68;1941.11.25;https://www.imdb.com/title/tt0241309/?ref_=nv_sr_srsg_0_tt_8_nm_0_in_0_q_a%2520cig%25C3%25A1ny
305;A csúnya lány;1935;83;1935.09.27;https://www.imdb.com/title/tt0026250/?ref_=nv_sr_srsg_2_tt_8_nm_0_in_0_q_a%2520cs%25C3%25BAnya
306;Fehér vonat;1943;84;1947.01.01;https://www.imdb.com/title/tt4659924/?ref_=nv_sr_srsg_3_tt_8_nm_0_in_0_q_feh%25C3%25A9r%2520vo
308;A harapós férj;1937;80;1938.03.07;https://www.imdb.com/title/tt0028977/?ref_=nv_sr_srsg_0_tt_7_nm_1_in_0_q_a%2520harap%25C3%25B3s%2520
309;A hegyek lánya;1942;78;1943.01.14;https://www.imdb.com/title/tt0034838/?ref_=nv_sr_srsg_0_tt_8_nm_0_in_0_q_a%2520hegyek%2520l
310;A kegyelmes úr rokona;1941;76;1941.03.04;https://www.imdb.com/title/tt0885501/?ref_=nv_sr_srsg_2_tt_7_nm_0_in_0_q_a%2520kegyelmes
311;A kék bálvány;1931;73;1931.09.25;https://www.imdb.com/title/tt0024209/?ref_=nv_sr_srsg_5_tt_8_nm_0_in_0_q_a%2520k%25C3%25A9k%2520b
312;A királyné huszárja;1935;78;1935.12.07;https://www.imdb.com/title/tt0026576/?ref_=nv_sr_srsg_7_tt_7_nm_0_in_0_q_a%2520kir%25C3%25A1lyn%25C3%25A9%2520
313;A látszat csal;1943;;;https://www.imdb.com/title/tt1221904/?ref_=nv_sr_srsg_6_tt_8_nm_0_in_0_q_a%2520l%25C3%25A1tszat%2520c
314;Menekülő ember;1943;73;1943.10.12;https://www.imdb.com/title/tt0036153/?ref_=nv_sr_srsg_3_tt_8_nm_0_in_0_q_menek%25C3%25BCl%25C5%2591%2520em
315;Néma kolostor;1941;95;1941.02.22;https://www.imdb.com/title/tt0239704/?ref_=nv_sr_srsg_0_tt_4_nm_3_in_0_q_n%25C3%25A9ma%2520kolos
316;Pepita kabát;1940;69;1940.11.21;https://www.imdb.com/title/tt0138699/?ref_=nv_sr_srsg_0_tt_2_nm_6_in_0_q_pepita%2520ka
317;A piros bugyelláris;1938;98;1938.08.21;https://www.imdb.com/title/tt0030590/?ref_=nv_sr_srsg_2_tt_3_nm_0_in_0_q_a%2520piros%2520bugy
318;A pusztai királykisasszony;1938;80;1939.01.19;https://www.imdb.com/title/tt0164834/?ref_=nv_sr_srsg_0_tt_2_nm_0_in_0_q_a%2520pusztai%2520kir%25C3%25A1l
319;A szép Pongrácné krinolinja;1931;;;https://www.imdb.com/title/tt4901496/?ref_=nv_sr_srsg_0_tt_8_nm_0_in_0_q_a%2520sz%25C3%25A9p%2520p
320;A szív szava;1937;;1937.07.29;https://www.imdb.com/title/tt0029632/?ref_=nv_sr_srsg_0_tt_5_nm_0_in_0_q_a%2520sz%25C3%25ADv%2520szava
321;A varieté csillagai;1938;77;1939.03.30;https://www.imdb.com/title/tt0241026/?ref_=nv_sr_srsg_3_tt_8_nm_0_in_0_q_a%2520variet%25C3%25A9%2520
322;Ágrólszakadt úrilány;1943;87;1943.12.27;https://www.imdb.com/title/tt0036562/?ref_=nv_sr_srsg_0_tt_2_nm_0_in_0_q_%25C3%25A1gr%25C3%25B3lszakadt%2520%25C3%25BA
323;Álomsárkány;1939;84;1939.05.11;https://www.imdb.com/title/tt1058037/?ref_=nv_sr_srsg_7_tt_4_nm_4_in_0_q_%25C3%25A1loms%25C3%25A1r
324;Anyámasszony katonája;1943;90;1943.08.25;https://www.imdb.com/title/tt0926186/?ref_=nv_sr_srsg_1_tt_3_nm_0_in_0_q_any%25C3%25A1masszony%2520ka
325;Aranypáva;1943;85;1943.11.02;https://www.imdb.com/title/tt0035644/?ref_=nv_sr_srsg_0_tt_8_nm_0_in_0_q_aranyp%25C3%25A1va
326;Asszonyszelídítő;1931;;;https://www.imdb.com/title/tt0241202/?ref_=nv_sr_srsg_0_tt_8_nm_0_in_0_q_asszonysze
327;Az első;1944;80;1944.10.01;https://www.imdb.com/title/tt0036788/?ref_=nv_sr_srsg_0_tt_1_nm_0_in_0_q_az%2520els%25C5%2591%25201944
328;Az ember néha téved;1937;74;1938.01.21;https://www.imdb.com/title/tt0028828/?ref_=nv_sr_srsg_0_tt_7_nm_0_in_0_q_az%2520ember%2520n%25C3%25A9ha%2520
329;Intéző úr;1941;;;https://www.imdb.com/title/tt1221891/?ref_=nv_sr_srsg_0_tt_3_nm_3_in_0_q_int%25C3%25A9z%25C5%2591%2520%25C3%25BAr
330;Az orvos titka;1930;77;1930.10.19;https://www.imdb.com/title/tt0211761/?ref_=nv_sr_srsg_0_tt_1_nm_0_in_0_q_az%2520orvos%2520titka
331;Az ördög nem alszik;1941;85;1941.10.16;https://www.imdb.com/title/tt0034419/?ref_=nv_sr_srsg_0_tt_1_nm_0_in_0_q_az%2520%25C3%25B6rd%25C3%25B6g%2520nem%2520alszi
332;Az új földesúr;1935;99;1935.12.21;https://www.imdb.com/title/tt0242180/?ref_=nv_sr_srsg_0_tt_3_nm_0_in_0_q_az%2520%25C3%25BAj%2520f%25C3%25B6ldes
334;Barátságos arcot kérek!;1935;71;1936.02.04;https://www.imdb.com/title/tt0026100/?ref_=nv_sr_srsg_0_tt_3_nm_0_in_0_q_bar%25C3%25A1ts%25C3%25A1gos%2520arcot
335;Beszállásolás;1938;82;1938.11.02;https://www.imdb.com/title/tt0029909/?ref_=nv_sr_srsg_0_tt_3_nm_0_in_0_q_besz%25C3%25A1ll%25C3%25A1sol%25C3%25A1s
337;Boldog idők;1943;91;1943.12.31;https://www.imdb.com/title/tt0035688/?ref_=nv_sr_srsg_3_tt_8_nm_0_in_0_q_boldog%2520id
338;Bors István;1938;99;1939.02.23;https://www.imdb.com/title/tt0031114/?ref_=nv_sr_srsg_0_tt_8_nm_0_in_0_q_bors%2520ist
339;Budai cukrászda;1935;84;1935.11.30;https://www.imdb.com/title/tt0027405/?ref_=nv_sr_srsg_0_tt_1_nm_1_in_0_q_budai%2520cukr%25C3%25A1sz
340;Búzavirág;1934;81;;https://www.imdb.com/title/tt0024940/?ref_=nv_sr_srsg_0_tt_6_nm_2_in_0_q_b%25C3%25BAzavir
341;Cifra nyomorúság;1938;75;1938.09.30;https://www.imdb.com/title/tt0024940/?ref_=nv_sr_srsg_0_tt_6_nm_2_in_0_q_b%25C3%25BAzavir
342;Csak egy kislány van a világon;1929;65;1930.05.12;https://www.imdb.com/title/tt0241331/?ref_=nv_sr_srsg_0_tt_7_nm_0_in_0_q_csak%2520egy%2520kisl%25C3%25A1
343;Családi pótlék;1937;62;1937.12.09;https://www.imdb.com/title/tt0028750/?ref_=nv_sr_srsg_0_tt_8_nm_0_in_0_q_csal%25C3%25A1di%2520p
344;Családunk szégyene;1942;83;1943.02.11;https://www.imdb.com/title/tt0034623/?ref_=nv_sr_srsg_0_tt_1_nm_0_in_0_q_csal%25C3%25A1dunk%2520sz%25C3%25A9gyene
345;Édes a bosszú;1937;73;1937.09.16;https://www.imdb.com/title/tt0029824/?ref_=nv_sr_srsg_0_tt_8_nm_0_in_0_q_%25C3%25A9des%2520bossz%25C3%25BA
346;Édes mostoha;1935;82;1935.10.15;https://www.imdb.com/title/tt0027243/?ref_=nv_sr_srsg_2_tt_2_nm_6_in_0_q_%25C3%25A9des%2520mo
347;Egér a palotában;1942;67;1943.06.30;https://www.imdb.com/title/tt0240476/?ref_=nv_sr_srsg_0_tt_1_nm_0_in_0_q_eg%25C3%25A9r%2520a%2520palot%25C3%25A1ban
348;Egy bolond százat csinál;1942;80;1943.05.01;https://www.imdb.com/title/tt0034695/?ref_=nv_sr_srsg_0_tt_7_nm_0_in_0_q_egy%2520bolond%2520sz%25C3%25A1
349;Egy fiúnak a fele;1944;85;;https://www.imdb.com/title/tt0408782/?ref_=nv_sr_srsg_1_tt_8_nm_0_in_0_q_egy%2520fi%25C3%25BAnak%2520a%2520fe
350;Egy gép nem tért vissza;1943;77;1944.07.01;https://www.imdb.com/title/tt0243237/?ref_=nv_sr_srsg_0_tt_2_nm_0_in_0_q_egy%2520g%25C3%25A9p%2520nem%2520t%25C3%25A9rt
351;Egy nap a világ;1943;81;;https://www.imdb.com/title/tt0035837/?ref_=nv_sr_srsg_0_tt_8_nm_0_in_0_q_egy%2520nap%2520a%2520vil
352;Egy pofon, egy csók;1944;67;;https://www.imdb.com/title/tt0127532/?ref_=nv_sr_srsg_0_tt_2_nm_0_in_0_q_egy%2520pofon%2520egy
353;Egy szív megáll;1942;79;1942.12.22;https://www.imdb.com/title/tt0034696/?ref_=nv_sr_srsg_6_tt_8_nm_0_in_0_q_egy%2520sz%25C3%25ADv%2520
354;Egy tál lencse;1941;82;1941.04.10;https://www.imdb.com/title/tt0033570/?ref_=nv_sr_srsg_0_tt_4_nm_4_in_0_q_egy%2520t%25C3%25A1l%2520le
355;Éjféli keringő;1944;;;https://www.imdb.com/title/tt4664410/?ref_=nv_sr_srsg_0_tt_8_nm_0_in_0_q_%25C3%25A9jf%25C3%25A9li%2520ke
356;Éjjeli zene;1943;83;1943.11.09;https://www.imdb.com/title/tt0036565/?ref_=nv_sr_srsg_0_tt_8_nm_0_in_0_q_%25C3%25A9jjeli%2520ze
357;Elcserélt ember;1938;70;1938.03.25;https://www.imdb.com/title/tt0123054/?ref_=nv_sr_srsg_0_tt_1_nm_0_in_0_q_elcser%25C3%25A9lt%2520ember
358;Elnökkisasszony;1935;85;1935.11.25;https://www.imdb.com/title/tt0026311/?ref_=nv_sr_srsg_0_tt_4_nm_0_in_0_q_eln%25C3%25B6kkisasszony
359;Ember a híd alatt;1936;73;1936.04.02;https://www.imdb.com/title/tt0027570/?ref_=nv_sr_srsg_1_tt_4_nm_0_in_0_q_ember%2520a%2520h%25C3%25ADd%2520alatt
360;Emmy;1934;69;1934.12.21;https://www.imdb.com/title/tt0025082/?ref_=nv_sr_srsg_0_tt_1_nm_0_in_0_q_emmy%25201934
361;Enyém vagy;1942;93;1942.11.11;https://www.imdb.com/title/tt0034705/?ref_=nv_sr_srsg_1_tt_7_nm_0_in_0_q_eny%25C3%25A9m%2520vagy
362;Érik a búzakalász;1938;87;1939.04.20;https://www.imdb.com/title/tt0242168/?ref_=nv_sr_srsg_0_tt_1_nm_0_in_0_q_erik%2520a%2520b%25C3%25BAzakal%25C3%25A1sz
363;Estélyi ruha kötelező;1942;67;1942.08.14;https://www.imdb.com/title/tt1164578/?ref_=nv_sr_srsg_2_tt_6_nm_2_in_0_q_est%25C3%25A9lyi%2520r
364;Évforduló;1936;90;1936.12.25;https://www.imdb.com/title/tt0028537/?ref_=nv_sr_srsg_0_tt_8_nm_0_in_0_q_%25C3%25A9vfordu
365;A falu rossza;1937;96;1938.01.12;https://www.imdb.com/title/tt0028848/?ref_=nv_sr_srsg_0_tt_5_nm_0_in_0_q_a%2520falu%2520rossza
366;Fehérvári huszárok;1938;65;1939.02.03;https://www.imdb.com/title/tt0030124/?ref_=nv_sr_srsg_0_tt_5_nm_3_in_0_q_a%2520feh%25C3%25A9rv%25C3%25A1ri%2520
367;Fekete hajnal;1942;81;1943.09.01;https://www.imdb.com/title/tt0034727/?ref_=nv_sr_srsg_1_tt_2_nm_0_in_0_q_fekete%2520hajnal%25201942
368;Férjet keresek;1939;59;1940.02.05;https://www.imdb.com/title/tt0032502/?ref_=nv_sr_srsg_0_tt_6_nm_0_in_0_q_f%25C3%25A9rjet%2520keresek
369;Filléres gyors;1932;;1932.12.01;https://www.imdb.com/title/tt6046008/?ref_=nv_sr_srsg_0_tt_1_nm_0_in_0_q_fill%25C3%25A9res%2520gyors
370;Fiú vagy lány ?;1944;91;;https://www.imdb.com/title/tt0143250/?ref_=nv_sr_srsg_0_tt_2_nm_0_in_0_q_fi%25C3%25BA%2520vagy%2520l%25C3%25A1ny
371;Forog az idegen;1936;;1936.07.03;https://www.imdb.com/title/tt0027637/?ref_=nv_sr_srsg_0_tt_1_nm_0_in_0_q_forog%2520az%2520idegen
372;Földindulás;1939;92;1940.01.28;https://www.imdb.com/title/tt0031355/?ref_=nv_sr_srsg_0_tt_8_nm_0_in_0_q_f%25C3%25B6ldindul%25C3%25A1s
373;Futóhomok;1943;87;;https://www.imdb.com/title/tt0241463/?ref_=nv_sr_srsg_4_tt_8_nm_0_in_0_q_fut%25C3%25B3homok
374;Futótűz;1943;77;1944.04.30;https://www.imdb.com/title/tt0881254/?ref_=nv_sr_srsg_6_tt_8_nm_0_in_0_q_fut%25C3%25B3t%25C5%25B1z
378;Garszonlakás kiadó;1939;68;1940.01.18;https://www.imdb.com/title/tt0123858/?ref_=nv_sr_srsg_0_tt_8_nm_0_in_0_q_garszonla
379;Gazdátlan asszony;1944;75;;https://www.imdb.com/title/tt0036856/?ref_=nv_sr_srsg_0_tt_8_nm_0_in_0_q_gazd%25C3%25A1tlan%2520
380;Gyanú;1944;69;1944.10.01;https://www.imdb.com/title/tt1292020/?ref_=nv_sr_srsg_4_tt_8_nm_0_in_0_q_gyan%25C3%25BA
381;Halálos csók;1942;90;1942.10.15;https://www.imdb.com/title/tt0034827/?ref_=nv_sr_srsg_0_tt_8_nm_0_in_0_q_hal%25C3%25A1los%2520cs%25C3%25B3k
382;Haláltánc;1941;83;1942.02.24;https://www.imdb.com/title/tt0240564/?ref_=nv_sr_srsg_5_tt_8_nm_0_in_0_q_hal%25C3%25A1lt%25C3%25A1nc
383;Halló, Budapest;1935;70;1935.10.15;https://www.imdb.com/title/tt5889938/?ref_=nv_sr_srsg_0_tt_2_nm_0_in_0_q_hall%25C3%25B3%2520budapest
384;Három csengő;1941;78;1941.08.14;https://www.imdb.com/title/tt0033734/?ref_=nv_sr_srsg_5_tt_8_nm_0_in_0_q_h%25C3%25A1rom%2520cs
385;A három galamb;1944;77;;https://www.imdb.com/title/tt0127593/?ref_=nv_sr_srsg_0_tt_7_nm_1_in_0_q_h%25C3%25A1rom%2520ga
386;Három sárkány;1936;69;1936.10.29;https://www.imdb.com/title/tt0027771/?ref_=nv_sr_srsg_0_tt_2_nm_0_in_0_q_h%25C3%25A1rom%2520s%25C3%25A1rk%25C3%25A1ny
387;Háry János;1941;81;1941.09.25;https://www.imdb.com/title/tt0033735/?ref_=nv_sr_srsg_2_tt_5_nm_0_in_0_q_h%25C3%25A1ry%2520j%25C3%25A1nos%2520194
388;Havasi napsütés;1941;92;1941.05.21;https://www.imdb.com/title/tt0033695/?ref_=nv_sr_srsg_0_tt_1_nm_0_in_0_q_havasi%2520naps%25C3%25BCt%25C3%25A9s
389;Házassággal kezdődik;1943;74;1943.03.21;https://www.imdb.com/title/tt0482050/?ref_=nv_sr_srsg_0_tt_8_nm_0_in_0_q_h%25C3%25A1zass%25C3%25A1gga
390;Helyet az öregeknek;1934;69;1934.11.29;https://www.imdb.com/title/tt0145817/?ref_=nv_sr_srsg_0_tt_8_nm_0_in_0_q_helyet%2520a
391;Heten, mint a gonoszok;1942;86;1943.05.13;https://www.imdb.com/title/tt0156605/?ref_=nv_sr_srsg_0_tt_3_nm_0_in_0_q_heten%2520mint%2520a%2520gonoszak
392;Hol alszunk vasárnap?;1937;60;;https://www.imdb.com/title/tt0963986/?ref_=nv_sr_srsg_0_tt_2_nm_0_in_0_q_hol%2520alszunk
394;Hölgyek előnyben;1939;92;1939.11.04;https://www.imdb.com/title/tt0240600/?ref_=nv_sr_srsg_0_tt_1_nm_0_in_0_q_h%25C3%25B6lgyek%2520el%25C5%2591nyben
395;Hyppolit, a lakáj;1931;72;1931.11.27;https://www.imdb.com/title/tt0021985/?ref_=nv_sr_srsg_0_tt_3_nm_5_in_0_q_hyppolit
396;Idegen utakon;1944;88;1944.06.01;https://www.imdb.com/title/tt0240605/?ref_=nv_sr_srsg_0_tt_4_nm_0_in_0_q_idegen%2520utakon
398;Isten rabjai;1942;89;1942.09.18;https://www.imdb.com/title/tt0240622/?ref_=nv_sr_srsg_2_tt_3_nm_3_in_0_q_isten%2520ra
399;Isten tenyerén;1939;81;1940.04.05;https://www.imdb.com/title/tt1057922/?ref_=nv_sr_srsg_0_tt_3_nm_5_in_0_q_isten%2520teny
400;Iza néni;1933;97;;https://www.imdb.com/title/tt0025319/?ref_=nv_sr_srsg_0_tt_2_nm_6_in_0_q_iza%2520n%25C3%25A9ni
401;Jöjjön elsején;1940;80;1940.03.20;https://www.imdb.com/title/tt0032657/?ref_=nv_sr_srsg_0_tt_3_nm_0_in_0_q_j%25C3%25B6jj%25C3%25B6n%2520else
402;Kacagó asszony;1930;;1930.12.04;https://www.imdb.com/title/tt0826562/?ref_=nv_sr_srsg_0_tt_2_nm_0_in_0_q_kacag%25C3%25B3%2520asszo
403;Késő;1943;83;1943.04.11;https://www.imdb.com/title/tt0036087/?ref_=nv_sr_srsg_0_tt_4_nm_4_in_0_q_k%25C3%25A9s%25C5%2591
404;Két fogoly;1937;81;1938.01.06;https://www.imdb.com/title/tt0029098/?ref_=nv_sr_srsg_0_tt_6_nm_2_in_0_q_k%25C3%25A9t%2520fogo
405;Kettesben;1943;70;1943.10.01;https://www.imdb.com/title/tt0036071/?ref_=nv_sr_srsg_3_tt_8_nm_0_in_0_q_kettesben
406;Kísértetek vonata;1933;64;1933.04.12;https://www.imdb.com/title/tt0222125/?ref_=nv_sr_srsg_0_tt_8_nm_0_in_0_q_k%25C3%25ADs%25C3%25A9rtetek%2520v
407;Legény a gáton;1943;77;1943.04.08;https://www.imdb.com/title/tt0170150/?ref_=nv_sr_srsg_0_tt_8_nm_0_in_0_q_leg%25C3%25A9ny%2520a%2520g
408;Légy jó mindhalálig;1936;70;1936.03.17;https://www.imdb.com/title/tt0027920/?ref_=nv_sr_srsg_1_tt_7_nm_1_in_0_q_l%25C3%25A9gy%2520j%25C3%25B3%2520
409;Lejtőn;1943;61;1944.05.16;https://www.imdb.com/title/tt1177919/?ref_=nv_sr_srsg_8_tt_8_nm_0_in_0_q_lejt%25C5%2591n
410;Lelki klinika;1941;73;1941.12.04;https://www.imdb.com/title/tt0244625/?ref_=nv_sr_srsg_0_tt_3_nm_1_in_0_q_lelki%2520kli
411;Lovagias ügy;1937;77;1937.02.11;https://www.imdb.com/title/tt0027907/?ref_=nv_sr_srsg_0_tt_3_nm_0_in_0_q_lovagias%2520%25C3%25BCgy
412;Machita;1943;97;1944.04.05;https://www.imdb.com/title/tt0036124/?ref_=nv_sr_srsg_0_tt_7_nm_1_in_0_q_machita
413;Madách;1944;81;;
414;Magdát kicsapják;1937;90;1938.03.05;https://www.imdb.com/title/tt0030399/?ref_=nv_sr_srsg_0_tt_1_nm_0_in_0_q_magd%25C3%25A1t%2520kicsa
415;Magyar feltámadás;1939;81;1939.02.17;https://www.imdb.com/title/tt0896946/?ref_=nv_sr_srsg_0_tt_1_nm_0_in_0_q_magyar%2520felt%25C3%25A1mad%25C3%25A1s
416;Majális;1943;70;1944.10.01;https://www.imdb.com/title/tt0127672/?ref_=nv_sr_srsg_0_tt_4_nm_4_in_0_q_maj%25C3%25A1lis
417;Makacs Kata;1943;79;1943.10.15;https://www.imdb.com/title/tt0134807/?ref_=nv_sr_srsg_0_tt_2_nm_6_in_0_q_makacs%2520kata
418;Makrancos hölgy;1943;76;1943.08.19;https://www.imdb.com/title/tt0036130/?ref_=nv_sr_srsg_0_tt_6_nm_0_in_0_q_makrancos%2520h%25C3%25B6lgy
420;Mátyás rendet csinál;1939;81;1940.02.06;https://www.imdb.com/title/tt0170274/?ref_=nv_sr_srsg_0_tt_1_nm_0_in_0_q_m%25C3%25A1ty%25C3%25A1s%2520rendet%2520csin%25C3%25A1l
421;Megálmodtalak;1943;76;1943.10.12;https://www.imdb.com/title/tt0240718/?ref_=nv_sr_srsg_0_tt_1_nm_0_in_0_q_meg%25C3%25A1lmodtalak
422;Méltóságos kisasszony;1936;68;1937.01.26;https://www.imdb.com/title/tt0028020/?ref_=nv_sr_srsg_0_tt_4_nm_0_in_0_q_M%25C3%25A9lt%25C3%25B3s%25C3%25A1gos%2520kisasszony
423;Miért?;1941;84;1941.12.22;https://www.imdb.com/title/tt0033913/?ref_=nv_sr_srsg_0_tt_5_nm_3_in_0_q_MI%25C3%25A9rt%253F%25201941
424;Mindent a nőért!;1933;85;1934.01.31;https://www.imdb.com/title/tt0240728/?ref_=nv_sr_srsg_0_tt_7_nm_0_in_0_q_MIndent%2520a%2520n%25C5%2591%25C3%25A9t
425;Muki;1943;83;1944.02.09;
426;Nászinduló;1943;94;1944.12.10;https://www.imdb.com/title/tt0036224/?ref_=nv_sr_srsg_1_tt_4_nm_1_in_0_q_N%25C3%25A1szindul%25C3%25B3
427;Ne kérdezd, ki voltam;1941;102;1941.08.22;https://www.imdb.com/title/tt0033943/?ref_=nv_sr_srsg_0_tt_2_nm_0_in_0_q_ne%2520k%25C3%25A9rdezd%2520ki%2520voltam
428;Négylevelű lóhere;1931;;;https://www.imdb.com/title/tt0241780/?ref_=nv_sr_srsg_0_tt_3_nm_0_in_0_q_N%25C3%25A9gylevel%25C5%25B1%2520l
429;Nehéz apának lenni;1938;;1938.09.16;https://www.imdb.com/title/tt0030498/?ref_=nv_sr_srsg_0_tt_1_nm_0_in_0_q_Neh%25C3%25A9z%2520ap%25C3%25A1m
430;Nem loptam én életemben;1939;90;1939.07.23;https://www.imdb.com/title/tt0189797/?ref_=nv_sr_srsg_0_tt_3_nm_0_in_0_q_nem%2520loptam%2520%25C3%25A9n
431;Nemes rózsa;1943;77;;https://www.imdb.com/title/tt1000717/?ref_=nv_sr_srsg_1_tt_3_nm_5_in_0_q_nemes%2520r
433;Nincsenek véletlenek;1938;74;1939.12.21;https://www.imdb.com/title/tt0240763/?ref_=nv_sr_srsg_0_tt_1_nm_0_in_0_q_nincsenek%2520v%25C3%25A9letlenek
434;Orient express;1943;75;1943.07.22;https://www.imdb.com/title/tt0869981/?ref_=nv_sr_srsg_0_tt_8_nm_0_in_0_q_orient%2520express%25201943
435;Ördöglovas;1943;79;1944.03.15;https://www.imdb.com/title/tt0036569/?ref_=nv_sr_srsg_0_tt_3_nm_0_in_0_q_%25C3%25B6rd%25C3%25B6glovas
436;Pardon, tévedtem;1933;96;1933.10.24;https://www.imdb.com/title/tt0488771/?ref_=nv_sr_srsg_0_tt_1_nm_0_in_0_q_pardon%2520t%25C3%25A9vedte
437;Pénz áll a házhoz;1939;90;1939.07.20;https://www.imdb.com/title/tt0241865/?ref_=nv_sr_srsg_0_tt_2_nm_0_in_0_q_p%25C3%25A9nz%2520%25C3%25A1ll%2520a%2520h%25C3%25A1zos
438;Pesti mese;1937;77;1937.05.27;https://www.imdb.com/title/tt0029397/?ref_=nv_sr_srsg_0_tt_8_nm_0_in_0_q_pesti%2520mese
439;Pogányok;1936;;1937.04.29;https://www.imdb.com/title/tt0028113/?ref_=nv_sr_srsg_0_tt_7_nm_1_in_0_q_pog%25C3%25A1nyok
440;Pusztai szél;1937;77;1937.11.11;https://www.imdb.com/title/tt0029450/?ref_=nv_sr_srsg_0_tt_1_nm_0_in_0_q_pusztai%2520sz%25C3%25A9l
441;Rád bízom a feleségem;1937;95;1937.03.18;https://www.imdb.com/title/tt0029507/?ref_=nv_sr_srsg_0_tt_1_nm_0_in_0_q_r%25C3%25A1d%2520b%25C3%25ADzom%2520a%2520feles%25C3%25A9gem
442;Rákóczi induló;1933;84;1933.11.23;https://www.imdb.com/title/tt0024513/?ref_=nv_sr_srsg_0_tt_5_nm_3_in_0_q_R%25C3%25A1k%25C3%25B3czi%2520i
443;Rákóczi nótája;1943;97;1943.11.24;https://www.imdb.com/title/tt0036320/?ref_=nv_sr_srsg_2_tt_5_nm_3_in_0_q_R%25C3%25A1k%25C3%25B3czi%2520
444;Rotschild leánya;1934;;1934.06.04;https://www.imdb.com/title/tt0241902/?ref_=nv_sr_srsg_0_tt_1_nm_0_in_0_q_Rostchild%2520le%25C3%25A1nya
445;Sarajevo;1940;81;1940.09.02;https://www.imdb.com/title/tt0033023/?ref_=nv_sr_srsg_1_tt_6_nm_0_in_0_q_sarajevo%25201940
446;A sárga csikó;1936;77;1936.09.03;https://www.imdb.com/title/tt0028338/?ref_=nv_sr_srsg_4_tt_8_nm_0_in_0_q_A%2520s%25C3%25A1rga%2520csi
447;Szakítani nehéz dolog;1942;95;1942.12.23;https://www.imdb.com/title/tt1221971/?ref_=nv_sr_srsg_0_tt_1_nm_0_in_0_q_szak%25C3%25ADtani%2520neh%25C3%25A9z%2520dolog
449;Zúgnak a szirénák;1939;88;1939.11.30;https://www.imdb.com/title/tt1058035/?ref_=nv_sr_srsg_0_tt_1_nm_0_in_0_q_z%25C3%25BAgnak%2520a%2520szir%25C3%25A9n%25C3%25A1k
450;Szegény gazdagok;1938;66;1938.12.22;https://www.imdb.com/title/tt0030826/?ref_=nv_sr_srsg_1_tt_8_nm_0_in_0_q_szeg%25C3%25A9ny%2520gazdagok
451;Szép csillag;1942;95;1942.12.25;https://www.imdb.com/title/tt0035409/?ref_=nv_sr_srsg_0_tt_8_nm_0_in_0_q_sz%25C3%25A9p%2520csillag
452;Szeptember végén;1942;87;1943.08.18;https://www.imdb.com/title/tt0165969/?ref_=nv_sr_srsg_1_tt_3_nm_1_in_0_q_szeptember%2520v%25C3%25A9g%25C3%25A9n
453;Szerelmes szívek;1944;54;1944.07.20;https://www.imdb.com/title/tt0440845/?ref_=nv_sr_srsg_1_tt_8_nm_0_in_0_q_szerelmes%2520sz%25C3%25ADve
454;Szerelmi álmok;1935;95;1935.08.15;https://www.imdb.com/title/tt0240954/?ref_=nv_sr_srsg_1_tt_8_nm_0_in_0_q_szerelmi%2520%25C3%25A1lmo
455;Szerelmi láz;1942;72;1943.05.21;https://www.imdb.com/title/tt0035407/?ref_=nv_sr_srsg_0_tt_8_nm_0_in_0_q_szerelmi%2520l%25C3%25A1
456;Szerencsés flótás;1943;79;1943.05.21;https://www.imdb.com/title/tt0036410/?ref_=nv_sr_srsg_0_tt_8_nm_0_in_0_q_szerencs%25C3%25A9s%2520f
457;Szerető fia, Péter;1942;82;1942.12.25;https://www.imdb.com/title/tt0035408/?ref_=nv_sr_srsg_0_tt_8_nm_0_in_0_q_szeret%25C5%2591%2520f
459;Tavaszi zápor;1932;78;1932.11.04;https://www.imdb.com/title/tt0023190/?ref_=nv_sr_srsg_0_tt_8_nm_0_in_0_q_tavaszi%2520z
460;Te csak pipálj, Ladányi!;1938;70;1938.02.22;https://www.imdb.com/title/tt0030835/?ref_=nv_sr_srsg_0_tt_1_nm_0_in_0_q_te%2520csak%2520pip%25C3%25A1lj
461;Te vagy a dal;1940;77;1940.06.03;https://www.imdb.com/title/tt0242023/?ref_=nv_sr_srsg_0_tt_8_nm_0_in_0_q_te%2520vagy%2520a%2520dal
462;Tisztelet a kivételnek;1936;70;1937.01.09;https://www.imdb.com/title/tt0028386/?ref_=nv_sr_srsg_0_tt_1_nm_0_in_0_q_tisztelet%2520a%2520kiv%25C3%25A9telnek
463;Tokaji rapszódia;1937;69;1937.12.23;https://www.imdb.com/title/tt0029677/?ref_=nv_sr_srsg_0_tt_1_nm_0_in_0_q_tokaji%2520rapsz%25C3%25B3dia
464;Torockói menyasszony;1937;75;1937.11.23;https://www.imdb.com/title/tt0029683/?ref_=nv_sr_srsg_0_tt_6_nm_2_in_0_q_torock%25C3%25B3i
466;Uz Bence;1938;73;1938.11.18;https://www.imdb.com/title/tt0149320/?ref_=nv_sr_srsg_3_tt_8_nm_0_in_0_q_uz%2520be
467;Üzenet a Volga partról;1942;71;1942.12.14;https://www.imdb.com/title/tt0241139/?ref_=nv_sr_srsg_0_tt_1_nm_0_in_0_q_%25C3%25BCzenet%2520a%2520volga
469;Valamit visz a víz;1943;88;1944.01.26;https://www.imdb.com/title/tt0036488/?ref_=nv_sr_srsg_0_tt_5_nm_0_in_0_q_valamit%2520visz%2520a%2520v
470;Varjú a toronyórán;1938;79;1938.11.24;https://www.imdb.com/title/tt0149329/?ref_=nv_sr_srsg_0_tt_1_nm_0_in_0_q_varj%25C3%25BA%2520a%2520toro
471;Vica, a vadevezős;1933;44;1933.06.01;https://www.imdb.com/title/tt0024734/?ref_=nv_sr_srsg_0_tt_6_nm_2_in_0_q_vica%2520a%2520vad
472;Viharbrigád;1943;73;1944.04.10;https://www.imdb.com/title/tt0158339/?ref_=nv_sr_srsg_0_tt_2_nm_1_in_0_q_viharbrig%25C3%25A1d
473;Zavaros éjszaka;1940;85;1940.08.15;https://www.imdb.com/title/tt0170831/?ref_=nv_sr_srsg_0_tt_8_nm_0_in_0_q_zavaros%2520%25C3%25A9jszaka
474;Zivatar Kemenespusztán;1936;;1936.11.19;https://www.imdb.com/title/tt0028531/?ref_=nv_sr_srsg_0_tt_2_nm_0_in_0_q_zivatar%2520ke
475;Zörgetnek az ablakon;1943;;;https://www.imdb.com/title/tt1177965/?ref_=nv_sr_srsg_0_tt_1_nm_0_in_0_q_z%25C3%25B6rgetnek%2520az%2520
601;Tavasz a viharban;1929;;1929.10.06;https://www.imdb.com/title/tt0242022/?ref_=nv_sr_srsg_0_tt_8_nm_0_in_0_q_tavasz%2520a%2520vi
604;Én voltam;1936;58;1936.10.08;https://www.imdb.com/title/tt0887903/?ref_=nv_sr_srsg_4_tt_8_nm_0_in_0_q_%25C3%25A9n%2520voltam
605;Szomorú csütörtök, vidám vasárnap;1936;;1936.07.05;https://www.imdb.com/title/tt0028337/?ref_=nv_sr_srsg_0_tt_1_nm_0_in_0_q_szomor%25C3%25BA%2520cs%25C3%25BCt%25C3%25B6rt%25C3%25B6k
606;A titokzatos idegen;1936;83;1937.05.05;https://www.imdb.com/title/tt1995244/?ref_=nv_sr_srsg_3_tt_7_nm_0_in_0_q_a%2520titokzatos%2520idegen
607;Vihar után;1944;82;1945.10.27;https://www.imdb.com/title/tt1916757/?ref_=nv_sr_srsg_0_tt_7_nm_1_in_0_q_vihar%2520ut%25C3%25A1n